 Mini Junior Razas Pequeñas - 2 Kg., 9.99 € ,https://www.petsonic.com/7970-large_default/pienso-para-perros-royal-canin-mini-junior-razas-pequenas.jpg
 Mini Junior Razas Pequeñas - 4 Kg., 20.99 € ,https://www.petsonic.com/7970-large_default/pienso-para-perros-royal-canin-mini-junior-razas-pequenas.jpg
 Mini Junior Razas Pequeñas - 8 Kg, 33.99 € ,https://www.petsonic.com/7970-large_default/pienso-para-perros-royal-canin-mini-junior-razas-pequenas.jpg
 Mini Junior Razas Pequeñas - Pack 2 x 8 Kg, 66.30 € ,https://www.petsonic.com/7970-large_default/pienso-para-perros-royal-canin-mini-junior-razas-pequenas.jpg
 Mini Adulto Razas Pequeñas - 2 Kg., 10.75 € ,https://www.petsonic.com/7967-large_default/pienso-para-perros-royal-canin-mini-adulto-razas-pequenas.jpg
 Mini Adulto Razas Pequeñas - 4 Kg., 18.50 € ,https://www.petsonic.com/7967-large_default/pienso-para-perros-royal-canin-mini-adulto-razas-pequenas.jpg
 Mini Adulto Razas Pequeñas - 8 Kg, 29.99 € ,https://www.petsonic.com/7967-large_default/pienso-para-perros-royal-canin-mini-adulto-razas-pequenas.jpg
 Mini Adulto Razas Pequeñas - Pack 2 x 8 Kg, 57.99 € ,https://www.petsonic.com/7967-large_default/pienso-para-perros-royal-canin-mini-adulto-razas-pequenas.jpg
 Medium Junior Cachorros Razas Medianas - 4 Kg., 19.99 € ,https://www.petsonic.com/10266-large_default/pienso-para-perros-royal-canin-medium-junior-cachorros-razas-medianas.jpg
 Medium Junior Cachorros Razas Medianas - 10 Kg, 41.45 € ,https://www.petsonic.com/10266-large_default/pienso-para-perros-royal-canin-medium-junior-cachorros-razas-medianas.jpg
 Medium Junior Cachorros Razas Medianas - 15 Kg, 49.99 € ,https://www.petsonic.com/10266-large_default/pienso-para-perros-royal-canin-medium-junior-cachorros-razas-medianas.jpg
 Medium Junior Cachorros Razas Medianas - Pack 2 x 15 Kg, 97.99 € ,https://www.petsonic.com/10266-large_default/pienso-para-perros-royal-canin-medium-junior-cachorros-razas-medianas.jpg
 Medium Adulto Razas Medianas - 4 Kg., 19.50 € ,https://www.petsonic.com/7958-large_default/pienso-para-perros-royal-canin-medium-adulto-razas-medianas.jpg
 Medium Adulto Razas Medianas - 10 Kg, 34.99 € ,https://www.petsonic.com/7958-large_default/pienso-para-perros-royal-canin-medium-adulto-razas-medianas.jpg
 Medium Adulto Razas Medianas - 15 Kg, 45.99 € ,https://www.petsonic.com/7958-large_default/pienso-para-perros-royal-canin-medium-adulto-razas-medianas.jpg
 Medium Adulto Razas Medianas - Pack 2 x 15 Kg, 87.99 € ,https://www.petsonic.com/7958-large_default/pienso-para-perros-royal-canin-medium-adulto-razas-medianas.jpg
 Maxi Junior Cachorros Razas Grandes - 4 Kg., 19.95 € ,https://www.petsonic.com/7953-large_default/pienso-para-perros-royal-canin-maxi-junior-cachorros-razas-grandes.jpg
 Maxi Junior Cachorros Razas Grandes - 10 Kg, 40.15 € ,https://www.petsonic.com/7953-large_default/pienso-para-perros-royal-canin-maxi-junior-cachorros-razas-grandes.jpg
 Maxi Junior Cachorros Razas Grandes - 15 Kg, 49.95 € ,https://www.petsonic.com/7953-large_default/pienso-para-perros-royal-canin-maxi-junior-cachorros-razas-grandes.jpg
 Maxi Junior Cachorros Razas Grandes - Pack 2 x 15 Kg, 97.95 € ,https://www.petsonic.com/7953-large_default/pienso-para-perros-royal-canin-maxi-junior-cachorros-razas-grandes.jpg
 Maxi Adulto Razas Grandes - 4 Kg., 19.86 € ,https://www.petsonic.com/7950-large_default/pienso-para-perros-royal-canin-maxi-adulto-razas-grandes.jpg
 Maxi Adulto Razas Grandes - 10 Kg, 34.40 € ,https://www.petsonic.com/7950-large_default/pienso-para-perros-royal-canin-maxi-adulto-razas-grandes.jpg
 Maxi Adulto Razas Grandes - 15 Kg, 44.99 € ,https://www.petsonic.com/7950-large_default/pienso-para-perros-royal-canin-maxi-adulto-razas-grandes.jpg
 Maxi Adulto Razas Grandes - Pack 2 x 15 Kg, 86.99 € ,https://www.petsonic.com/7950-large_default/pienso-para-perros-royal-canin-maxi-adulto-razas-grandes.jpg
 Giant Junior Razas Gigantes - 15 Kg, 47.99 € ,https://www.petsonic.com/7939-large_default/pienso-para-perros-royal-canin-giant-junior-razas-gigantes.jpg
 Giant Junior Razas Gigantes - Pack 2 x 15 Kg, 92.99 € ,https://www.petsonic.com/7939-large_default/pienso-para-perros-royal-canin-giant-junior-razas-gigantes.jpg
 Giant Adulto Razas Gigantes - 15 Kg, 44.99 € ,https://www.petsonic.com/7936-large_default/pienso-para-perros-royal-canin-giant-adulto-razas-gigantes.jpg
 Giant Adulto Razas Gigantes - Pack 2 x 15 Kg, 86.99 € ,https://www.petsonic.com/7936-large_default/pienso-para-perros-royal-canin-giant-adulto-razas-gigantes.jpg
 Boxer Adulto - 3 Kg., 16.95 € ,https://www.petsonic.com/7918-large_default/pienso-para-perros-royal-canin-boxer-adulto.jpg
 Boxer Adulto - 12 Kg, 46.99 € ,https://www.petsonic.com/7918-large_default/pienso-para-perros-royal-canin-boxer-adulto.jpg
 Boxer Adulto - Pack 2 x 12 Kg, 89.99 € ,https://www.petsonic.com/7918-large_default/pienso-para-perros-royal-canin-boxer-adulto.jpg
 Labrador Retriever Adulto - 3 Kg., 15.99 € ,https://www.petsonic.com/7947-large_default/pienso-para-perros-royal-canin-labrador-retriever-adulto.jpg
 Labrador Retriever Adulto - 12 Kg, 45.99 € ,https://www.petsonic.com/7947-large_default/pienso-para-perros-royal-canin-labrador-retriever-adulto.jpg
 Labrador Retriever Adulto - Pack 2 x 12 Kg, 89.99 € ,https://www.petsonic.com/7947-large_default/pienso-para-perros-royal-canin-labrador-retriever-adulto.jpg
 Golden Retriever Adulto - 3 Kg., 14.99 € ,https://www.petsonic.com/7941-large_default/pienso-para-perros-royal-canin-golden-retriever-adulto.jpg
 Golden Retriever Adulto - 12 Kg, 46.99 € ,https://www.petsonic.com/7941-large_default/pienso-para-perros-royal-canin-golden-retriever-adulto.jpg
 Golden Retriever Adulto - Pack 2 x 12 Kg, 89.95 € ,https://www.petsonic.com/7941-large_default/pienso-para-perros-royal-canin-golden-retriever-adulto.jpg
 Bulldog Ingles Adulto - 3 Kg., 16.95 € ,https://www.petsonic.com/7922-large_default/pienso-para-perros-royal-canin-bulldog-ingles-adulto.jpg
 Bulldog Ingles Adulto - 12 Kg, 46.99 € ,https://www.petsonic.com/7922-large_default/pienso-para-perros-royal-canin-bulldog-ingles-adulto.jpg
 Bulldog Ingles Adulto - Pack 2 x 12 Kg, 89.99 € ,https://www.petsonic.com/7922-large_default/pienso-para-perros-royal-canin-bulldog-ingles-adulto.jpg
 X-Small Junior Razas Miniaturas - 500 Gr., 4.50 € ,https://www.petsonic.com/7988-large_default/pienso-para-perros-royal-canin-x-small-junior-razas-miniaturas.jpg
" X-Small Junior Razas Miniaturas - 1,5 Kg.", 11.50 € ,https://www.petsonic.com/7988-large_default/pienso-para-perros-royal-canin-x-small-junior-razas-miniaturas.jpg
 X-Small Junior Razas Miniaturas - 3 Kg., 18.99 € ,https://www.petsonic.com/7988-large_default/pienso-para-perros-royal-canin-x-small-junior-razas-miniaturas.jpg
 X-Small Junior Razas Miniaturas - Pack 2 x 3 Kg, 35.99 € ,https://www.petsonic.com/7988-large_default/pienso-para-perros-royal-canin-x-small-junior-razas-miniaturas.jpg
 X-Small Adulto Razas Miniaturas - 500 Gr., 4.50 € ,https://www.petsonic.com/7986-large_default/pienso-para-perros-royal-canin-x-small-adulto-razas-miniaturas.jpg
" X-Small Adulto Razas Miniaturas - 1,5 Kg.", 10.99 € ,https://www.petsonic.com/7986-large_default/pienso-para-perros-royal-canin-x-small-adulto-razas-miniaturas.jpg
 X-Small Adulto Razas Miniaturas - 3 Kg., 16.99 € ,https://www.petsonic.com/7986-large_default/pienso-para-perros-royal-canin-x-small-adulto-razas-miniaturas.jpg
 X-Small Adulto Razas Miniaturas - Pack 2 x 3 Kg, 35.99 € ,https://www.petsonic.com/7986-large_default/pienso-para-perros-royal-canin-x-small-adulto-razas-miniaturas.jpg
" X-Small Sterilised - 1,5 Kg.", 12.99 € ,https://www.petsonic.com/8992-large_default/pienso-para-perros-royal-canin-x-small-sterilised.jpg
 X-Small Sterilised - Pack 2 x 1.5 Kg, 23.99 € ,https://www.petsonic.com/8992-large_default/pienso-para-perros-royal-canin-x-small-sterilised.jpg
" X-Small Ageing +8 Razas Miniaturas - 1,5 Kg.", 11.65 € ,https://www.petsonic.com/7989-large_default/pienso-para-perros-royal-canin-x-small-ageing-8-razas-miniaturas.jpg
 X-Small Ageing +8 Razas Miniaturas - 3 Kg., 21.50 € ,https://www.petsonic.com/7989-large_default/pienso-para-perros-royal-canin-x-small-ageing-8-razas-miniaturas.jpg
 X-Small Ageing +8 Razas Miniaturas - Pack 2 x 3 Kg, 36.99 € ,https://www.petsonic.com/7989-large_default/pienso-para-perros-royal-canin-x-small-ageing-8-razas-miniaturas.jpg
 X-Small Ageing +12 Razas Miniaturas - 500 Gr., 4.80 € ,https://www.petsonic.com/7987-large_default/pienso-para-perros-royal-canin-x-small-ageing-12-razas-miniaturas.jpg
" X-Small Ageing +12 Razas Miniaturas - 1,5 Kg.", 10.99 € ,https://www.petsonic.com/7987-large_default/pienso-para-perros-royal-canin-x-small-ageing-12-razas-miniaturas.jpg
 X-Small Ageing +12 Razas Miniaturas - Pack 2 x 1.5 Kg, 21.50 € ,https://www.petsonic.com/7987-large_default/pienso-para-perros-royal-canin-x-small-ageing-12-razas-miniaturas.jpg
 Mini Starter Gestación/Lactancia - 1 Kg., 7.80 € ,https://www.petsonic.com/7973-large_default/pienso-para-perros-royal-canin-mini-starter-gestacion-lactancia.jpg
 Mini Starter Gestación/Lactancia - 3 Kg., 22.99 € ,https://www.petsonic.com/7973-large_default/pienso-para-perros-royal-canin-mini-starter-gestacion-lactancia.jpg
" Mini Starter Gestación/Lactancia - 8,5 Kg", 40.99 € ,https://www.petsonic.com/7973-large_default/pienso-para-perros-royal-canin-mini-starter-gestacion-lactancia.jpg
 Mini Starter Gestación/Lactancia - Pack 2 x 8.5 Kg, 79.90 € ,https://www.petsonic.com/7973-large_default/pienso-para-perros-royal-canin-mini-starter-gestacion-lactancia.jpg
 Mini Adulto +8 Años - 2 Kg., 10.45 € ,https://www.petsonic.com/7966-large_default/pienso-para-perros-royal-canin-mini-adulto-8-anos.jpg
 Mini Adulto +8 Años - 4 Kg., 20.50 € ,https://www.petsonic.com/7966-large_default/pienso-para-perros-royal-canin-mini-adulto-8-anos.jpg
 Mini Adulto +8 Años - 8 Kg, 32.99 € ,https://www.petsonic.com/7966-large_default/pienso-para-perros-royal-canin-mini-adulto-8-anos.jpg
 Mini Adulto +8 Años - Pack 2 x 8 Kg, 64.95 € ,https://www.petsonic.com/7966-large_default/pienso-para-perros-royal-canin-mini-adulto-8-anos.jpg
" Mini Ageing +12 Razas Pequeñas - 1,5 Kg.", 10.99 € ,https://www.petsonic.com/7968-large_default/pienso-para-perros-royal-canin-mini-ageing-12-razas-pequenas.jpg
" Mini Ageing +12 Razas Pequeñas - 3,5 Kg.", 17.99 € ,https://www.petsonic.com/7968-large_default/pienso-para-perros-royal-canin-mini-ageing-12-razas-pequenas.jpg
 Mini Ageing +12 Razas Pequeñas - Pack 2 x 3.5 Kg, 35.99 € ,https://www.petsonic.com/7968-large_default/pienso-para-perros-royal-canin-mini-ageing-12-razas-pequenas.jpg
 Mini Light Razas Pequeñas - 2 Kg., 11.99 € ,https://www.petsonic.com/7971-large_default/pienso-para-perros-royal-canin-mini-light-razas-pequenas.jpg
 Mini Light Razas Pequeñas - 4 Kg., 20.99 € ,https://www.petsonic.com/7971-large_default/pienso-para-perros-royal-canin-mini-light-razas-pequenas.jpg
 Mini Light Razas Pequeñas - 8 Kg, 34.99 € ,https://www.petsonic.com/7971-large_default/pienso-para-perros-royal-canin-mini-light-razas-pequenas.jpg
 Mini Light Razas Pequeñas - Pack 2 x 8 Kg, 67.99 € ,https://www.petsonic.com/7971-large_default/pienso-para-perros-royal-canin-mini-light-razas-pequenas.jpg
 Mini Esterilizado Razas Pequeñas - 2 Kg., 12.45 € ,https://www.petsonic.com/7974-large_default/pienso-para-perros-royal-canin-mini-esterilizado-razas-pequenas.jpg
 Mini Esterilizado Razas Pequeñas - 8 Kg, 34.99 € ,https://www.petsonic.com/7974-large_default/pienso-para-perros-royal-canin-mini-esterilizado-razas-pequenas.jpg
 Mini Esterilizado Razas Pequeñas - Pack 2 x 8 Kg, 68.20 € ,https://www.petsonic.com/7974-large_default/pienso-para-perros-royal-canin-mini-esterilizado-razas-pequenas.jpg
 Mini Dermacomfort Razas Pequeñas - 2 Kg., 12.60 € ,https://www.petsonic.com/7969-large_default/pienso-para-perros-royal-canin-mini-dermacomfort-razas-pequenas.jpg
 Mini Dermacomfort Razas Pequeñas - 4 Kg., 20.99 € ,https://www.petsonic.com/7969-large_default/pienso-para-perros-royal-canin-mini-dermacomfort-razas-pequenas.jpg
 Mini Dermacomfort Razas Pequeñas - 10 Kg, 39.95 € ,https://www.petsonic.com/7969-large_default/pienso-para-perros-royal-canin-mini-dermacomfort-razas-pequenas.jpg
 Mini Dermacomfort Razas Pequeñas - Pack 2 x 10 Kg, 77.90 € ,https://www.petsonic.com/7969-large_default/pienso-para-perros-royal-canin-mini-dermacomfort-razas-pequenas.jpg
 Mini Digestive Care - 2 Kg., 12.99 € ,https://www.petsonic.com/7972-large_default/pienso-para-perros-royal-canin-mini-digestive-care.jpg
 Mini Digestive Care - 4 Kg., 20.99 € ,https://www.petsonic.com/7972-large_default/pienso-para-perros-royal-canin-mini-digestive-care.jpg
 Mini Digestive Care - 10 Kg, 42.99 € ,https://www.petsonic.com/7972-large_default/pienso-para-perros-royal-canin-mini-digestive-care.jpg
 Mini Digestive Care - Pack 2 x 10 Kg, 83.80 € ,https://www.petsonic.com/7972-large_default/pienso-para-perros-royal-canin-mini-digestive-care.jpg
 Mini Exigent - 2 Kg., 11.99 € ,https://www.petsonic.com/7914-large_default/pienso-para-perros-royal-canin-mini-exigent.jpg
 Mini Exigent - Pack 2 x 2 Kg, 22.99 € ,https://www.petsonic.com/7914-large_default/pienso-para-perros-royal-canin-mini-exigent.jpg
 Medium Starter Gestación/Lactancia - 4 Kg., 25.50 € ,https://www.petsonic.com/7964-large_default/pienso-para-perros-royal-canin-medium-starter-gestacion-lactancia.jpg
 Medium Starter Gestación/Lactancia - 12 Kg, 48.65 € ,https://www.petsonic.com/7964-large_default/pienso-para-perros-royal-canin-medium-starter-gestacion-lactancia.jpg
 Medium Starter Gestación/Lactancia - Pack 2 x 12 Kg, 92.40 € ,https://www.petsonic.com/7964-large_default/pienso-para-perros-royal-canin-medium-starter-gestacion-lactancia.jpg
 Medium Light Razas Medianas - 3 Kg., 15.50 € ,https://www.petsonic.com/7962-large_default/pienso-para-perros-royal-canin-medium-light-razas-medianas.jpg
 Medium Light Razas Medianas - 9 Kg, 42.00 € ,https://www.petsonic.com/7962-large_default/pienso-para-perros-royal-canin-medium-light-razas-medianas.jpg
 Medium Light Razas Medianas - 13 Kg, 45.99 € ,https://www.petsonic.com/7962-large_default/pienso-para-perros-royal-canin-medium-light-razas-medianas.jpg
 Medium Light Razas Medianas - Pack 2 x 13 Kg, 89.70 € ,https://www.petsonic.com/7962-large_default/pienso-para-perros-royal-canin-medium-light-razas-medianas.jpg
 Medium Adult +7 Años Razas Medianas - 4 Kg., 19.50 € ,https://www.petsonic.com/7957-large_default/pienso-para-perros-royal-canin-medium-adult-7-anos-razas-medianas.jpg
 Medium Adult +7 Años Razas Medianas - 15 Kg, 46.99 € ,https://www.petsonic.com/7957-large_default/pienso-para-perros-royal-canin-medium-adult-7-anos-razas-medianas.jpg
 Medium Adult +7 Años Razas Medianas - Pack 2 x 15 Kg, 89.99 € ,https://www.petsonic.com/7957-large_default/pienso-para-perros-royal-canin-medium-adult-7-anos-razas-medianas.jpg
 Medium Ageing +10 Años Razas Medianas - 3 Kg., 13.95 € ,https://www.petsonic.com/7959-large_default/pienso-para-perros-royal-canin-medium-ageing-10-anos-razas-medianas.jpg
 Medium Ageing +10 Años Razas Medianas - 15 Kg, 46.99 € ,https://www.petsonic.com/7959-large_default/pienso-para-perros-royal-canin-medium-ageing-10-anos-razas-medianas.jpg
 Medium Ageing +10 Años Razas Medianas - Pack 2 x 15 Kg, 89.99 € ,https://www.petsonic.com/7959-large_default/pienso-para-perros-royal-canin-medium-ageing-10-anos-razas-medianas.jpg
 Medium Sterilizado Razas Medianas - 3 Kg., 16.20 € ,https://www.petsonic.com/7965-large_default/pienso-para-perros-royal-canin-medium-sterilizado-razas-medianas.jpg
 Medium Sterilizado Razas Medianas - 12 Kg, 42.99 € ,https://www.petsonic.com/7965-large_default/pienso-para-perros-royal-canin-medium-sterilizado-razas-medianas.jpg
 Medium Sterilizado Razas Medianas - Pack 2 x 12 Kg, 84.99 € ,https://www.petsonic.com/7965-large_default/pienso-para-perros-royal-canin-medium-sterilizado-razas-medianas.jpg
 Medium Dermacomfort Razas Medianas - 3 Kg., 16.50 € ,https://www.petsonic.com/7960-large_default/pienso-para-perros-royal-canin-medium-dermacomfort-razas-medianas.jpg
 Medium Dermacomfort Razas Medianas - 10 Kg, 36.50 € ,https://www.petsonic.com/7960-large_default/pienso-para-perros-royal-canin-medium-dermacomfort-razas-medianas.jpg
 Medium Dermacomfort Razas Medianas - Pack 2 x 10 Kg, 71.10 € ,https://www.petsonic.com/7960-large_default/pienso-para-perros-royal-canin-medium-dermacomfort-razas-medianas.jpg
 Medium Sensible Razas Medianas - 3 Kg., 16.50 € ,https://www.petsonic.com/8283-large_default/pienso-para-perros-royal-canin-medium-sensible-razas-medianas.jpg
 Medium Sensible Razas Medianas - 15 Kg, 51.99 € ,https://www.petsonic.com/8283-large_default/pienso-para-perros-royal-canin-medium-sensible-razas-medianas.jpg
 Medium Sensible Razas Medianas - Pack 2 x 15 Kg, 101.40 € ,https://www.petsonic.com/8283-large_default/pienso-para-perros-royal-canin-medium-sensible-razas-medianas.jpg
 Maxi Starter Gestación/Lactancia - 4 Kg., 22.80 € ,https://www.petsonic.com/7955-large_default/pienso-para-perros-royal-canin-maxi-starter-gestacion-lactancia.jpg
 Maxi Starter Gestación/Lactancia - 15 Kg, 54.95 € ,https://www.petsonic.com/7955-large_default/pienso-para-perros-royal-canin-maxi-starter-gestacion-lactancia.jpg
 Maxi Starter Gestación/Lactancia - Pack 2 x 15 Kg, 106.99 € ,https://www.petsonic.com/7955-large_default/pienso-para-perros-royal-canin-maxi-starter-gestacion-lactancia.jpg
 Maxi Adulto +5 Años Razas Grandes - 4 Kg., 17.50 € ,https://www.petsonic.com/7949-large_default/pienso-para-perros-royal-canin-maxi-adulto-5-anos-razas-grandes.jpg
 Maxi Adulto +5 Años Razas Grandes - 15 Kg, 45.99 € ,https://www.petsonic.com/7949-large_default/pienso-para-perros-royal-canin-maxi-adulto-5-anos-razas-grandes.jpg
 Maxi Adulto +5 Años Razas Grandes - Pack 2 x 15 Kg, 89.99 € ,https://www.petsonic.com/7949-large_default/pienso-para-perros-royal-canin-maxi-adulto-5-anos-razas-grandes.jpg
 Maxi Ageing +8 Años Razas Grandes - 3 Kg., 13.99 € ,https://www.petsonic.com/7951-large_default/pienso-para-perros-royal-canin-maxi-ageing-8-anos-razas-grandes.jpg
 Maxi Ageing +8 Años Razas Grandes - 15 Kg, 46.99 € ,https://www.petsonic.com/7951-large_default/pienso-para-perros-royal-canin-maxi-ageing-8-anos-razas-grandes.jpg
 Maxi Ageing +8 Años Razas Grandes - Pack 2 x 15 Kg, 89.99 € ,https://www.petsonic.com/7951-large_default/pienso-para-perros-royal-canin-maxi-ageing-8-anos-razas-grandes.jpg
 Maxi Light Razas Grandes - 3 Kg., 18.99 € ,https://www.petsonic.com/7954-large_default/pienso-para-perros-royal-canin-maxi-light-razas-grandes.jpg
 Maxi Light Razas Grandes - 15 Kg, 48.99 € ,https://www.petsonic.com/7954-large_default/pienso-para-perros-royal-canin-maxi-light-razas-grandes.jpg
 Maxi Light Razas Grandes - Pack 2 x 15 Kg, 95.50 € ,https://www.petsonic.com/7954-large_default/pienso-para-perros-royal-canin-maxi-light-razas-grandes.jpg
 Maxi Sterilizado Razas Grandes - 12 Kg, 42.99 € ,https://www.petsonic.com/7956-large_default/pienso-para-perros-royal-canin-maxi-sterilizado-razas-grandes.jpg
 Maxi Sterilizado Razas Grandes - Pack 2 x 12 Kg, 83.80 € ,https://www.petsonic.com/7956-large_default/pienso-para-perros-royal-canin-maxi-sterilizado-razas-grandes.jpg
 Maxi Dermacomfort Razas Grandes - 3 Kg., 16.50 € ,https://www.petsonic.com/7952-large_default/pienso-para-perros-royal-canin-maxi-dermacomfort-razas-grandes.jpg
 Maxi Dermacomfort Razas Grandes - 12 Kg, 42.99 € ,https://www.petsonic.com/7952-large_default/pienso-para-perros-royal-canin-maxi-dermacomfort-razas-grandes.jpg
 Maxi Dermacomfort Razas Grandes - Pack 2 x 12 Kg, 83.99 € ,https://www.petsonic.com/7952-large_default/pienso-para-perros-royal-canin-maxi-dermacomfort-razas-grandes.jpg
 Maxi Joint Care - 12 Kg, 43.99 € ,https://www.petsonic.com/7913-large_default/pienso-para-perros-royal-canin-maxi-joint-care.jpg
 Maxi Joint Care - Pack 2 x 12 Kg, 85.80 € ,https://www.petsonic.com/7913-large_default/pienso-para-perros-royal-canin-maxi-joint-care.jpg
 Giant Starter Gestación/Lactancia - 15 Kg, 65.99 € ,https://www.petsonic.com/7940-large_default/pienso-para-perros-royal-canin-giant-starter-gestacion-lactancia.jpg
 Giant Starter Gestación/Lactancia - Pack 2 x 15 Kg, 128.60 € ,https://www.petsonic.com/7940-large_default/pienso-para-perros-royal-canin-giant-starter-gestacion-lactancia.jpg
 Giant Puppy Razas Gigantes - 15 Kg, 50.99 € ,https://www.petsonic.com/7938-large_default/pienso-para-perros-royal-canin-giant-puppy-razas-gigantes.jpg
 Giant Puppy Razas Gigantes - Pack 2 x 15 Kg, 99.40 € ,https://www.petsonic.com/7938-large_default/pienso-para-perros-royal-canin-giant-puppy-razas-gigantes.jpg
" Chihuahua Cachorro - 1,5 Kg.", 14.50 € ,https://www.petsonic.com/7928-large_default/pienso-para-perros-royal-canin-chihuahua-cachorro.jpg
 Chihuahua Cachorro - Pack 2 x 1.5 Kg, 28.75 € ,https://www.petsonic.com/7928-large_default/pienso-para-perros-royal-canin-chihuahua-cachorro.jpg
" Chihuahua Adulto - 1,5 Kg.", 12.90 € ,https://www.petsonic.com/7927-large_default/pienso-para-perros-royal-canin-chihuahua-adulto.jpg
 Chihuahua Adulto - 3 Kg., 23.95 € ,https://www.petsonic.com/7927-large_default/pienso-para-perros-royal-canin-chihuahua-adulto.jpg
 Chihuahua Adulto - Pack 2 x 3 Kg, 47.45 € ,https://www.petsonic.com/7927-large_default/pienso-para-perros-royal-canin-chihuahua-adulto.jpg
" Caniche Adulto - 1,5 Kg.", 13.30 € ,https://www.petsonic.com/7924-large_default/pienso-para-perros-royal-canin-caniche-adulto.jpg
" Caniche Adulto - 7,5 Kg", 51.90 € ,https://www.petsonic.com/7924-large_default/pienso-para-perros-royal-canin-caniche-adulto.jpg
 Caniche Adulto - Pack 2 x 7.5 Kg, 100.90 € ,https://www.petsonic.com/7924-large_default/pienso-para-perros-royal-canin-caniche-adulto.jpg
" Shih Tzu Cachorro - 1,5 Kg.", 14.50 € ,https://www.petsonic.com/7983-large_default/pienso-para-perros-royal-canin-shih-tzu-cachorro.jpg
 Shih Tzu Cachorro - Pack 2 x 1.5 Kg, 31.90 € ,https://www.petsonic.com/7983-large_default/pienso-para-perros-royal-canin-shih-tzu-cachorro.jpg
" Shih Tzu Adulto - 1,5 Kg.", 12.80 € ,https://www.petsonic.com/7982-large_default/pienso-para-perros-royal-canin-shih-tzu-adulto.jpg
 Shih Tzu Adulto - Pack 2 x 1.5 Kg, 27.05 € ,https://www.petsonic.com/7982-large_default/pienso-para-perros-royal-canin-shih-tzu-adulto.jpg
 Yorkshire Terrier Cachorro - 500 Gr., 4.60 € ,https://www.petsonic.com/7991-large_default/pienso-para-perros-royal-canin-yorkshire-terrier-cachorro.jpg
" Yorkshire Terrier Cachorro - 1,5 Kg.", 13.50 € ,https://www.petsonic.com/7991-large_default/pienso-para-perros-royal-canin-yorkshire-terrier-cachorro.jpg
 Yorkshire Terrier Cachorro - Pack 2 x 1.5 Kg, 31.90 € ,https://www.petsonic.com/7991-large_default/pienso-para-perros-royal-canin-yorkshire-terrier-cachorro.jpg
" Yorkshire Terrier Adulto - 1,5 Kg.", 13.40 € ,https://www.petsonic.com/7990-large_default/pienso-para-perros-royal-canin-yorkshire-terrier-adulto.jpg
 Yorkshire Terrier Adulto - 3 Kg., 24.99 € ,https://www.petsonic.com/7990-large_default/pienso-para-perros-royal-canin-yorkshire-terrier-adulto.jpg
" Yorkshire Terrier Adulto - 7,5 Kg", 51.90 € ,https://www.petsonic.com/7990-large_default/pienso-para-perros-royal-canin-yorkshire-terrier-adulto.jpg
 Yorkshire Terrier Adulto - Pack 2 x 7.5 Kg, 100.90 € ,https://www.petsonic.com/7990-large_default/pienso-para-perros-royal-canin-yorkshire-terrier-adulto.jpg
" Bichon Maltese Adulto - 1,5 Kg.", 13.20 € ,https://www.petsonic.com/7916-large_default/pienso-para-perros-royal-canin-bichon-maltese-adulto.jpg
 Bichon Maltese Adulto - Pack 2 x 1.5 Kg, 28.05 € ,https://www.petsonic.com/7916-large_default/pienso-para-perros-royal-canin-bichon-maltese-adulto.jpg
" West Highland White Terrier Adulto - 1,5 Kg.", 12.80 € ,https://www.petsonic.com/7985-large_default/pienso-para-perros-royal-canin-west-highland-white-terrier-adulto.jpg
 West Highland White Terrier Adulto - 3 Kg., 26.50 € ,https://www.petsonic.com/7985-large_default/pienso-para-perros-royal-canin-west-highland-white-terrier-adulto.jpg
 West Highland White Terrier Adulto - Pack 2 x 3 Kg, 52.50 € ,https://www.petsonic.com/7985-large_default/pienso-para-perros-royal-canin-west-highland-white-terrier-adulto.jpg
" Cavalier King Charles Adulto - 1,5 Kg.", 12.90 € ,https://www.petsonic.com/7946-large_default/pienso-para-perros-royal-canin-cavalier-king-charles-adulto.jpg
 Cavalier King Charles Adulto - Pack 2 x 1.5 Kg, 25.55 € ,https://www.petsonic.com/7946-large_default/pienso-para-perros-royal-canin-cavalier-king-charles-adulto.jpg
" Carlino Cachorro - 1,5 Kg.", 14.90 € ,https://www.petsonic.com/7926-large_default/pienso-para-perros-royal-canin-carlino-cachorro.jpg
 Carlino Cachorro - Pack 2 x 1.5 Kg, 28.30 € ,https://www.petsonic.com/7926-large_default/pienso-para-perros-royal-canin-carlino-cachorro.jpg
" Carlino Adulto - 1,5 Kg.", 12.90 € ,https://www.petsonic.com/7925-large_default/pienso-para-perros-royal-canin-carlino-adulto.jpg
 Carlino Adulto - 3 Kg., 23.40 € ,https://www.petsonic.com/7925-large_default/pienso-para-perros-royal-canin-carlino-adulto.jpg
 Carlino Adulto - Pack 2 x 3 Kg, 44.46 € ,https://www.petsonic.com/7925-large_default/pienso-para-perros-royal-canin-carlino-adulto.jpg
" Jack Russell Cachorro - 1,5 Kg.", 14.90 € ,https://www.petsonic.com/7945-large_default/pienso-para-perros-royal-canin-jack-russell-cachorro.jpg
 Jack Russell Cachorro - 3 Kg., 25.40 € ,https://www.petsonic.com/7945-large_default/pienso-para-perros-royal-canin-jack-russell-cachorro.jpg
 Jack Russell Cachorro - Pack 2 x 3 Kg, 51.30 € ,https://www.petsonic.com/7945-large_default/pienso-para-perros-royal-canin-jack-russell-cachorro.jpg
" Jack Russell Adulto - 1,5 Kg.", 16.38 € ,https://www.petsonic.com/7944-large_default/pienso-para-perros-royal-canin-jack-russell-adulto.jpg
 Jack Russell Adulto - 3 Kg., 24.50 € ,https://www.petsonic.com/7944-large_default/pienso-para-perros-royal-canin-jack-russell-adulto.jpg
" Jack Russell Adulto - 7,5 Kg", 51.99 € ,https://www.petsonic.com/7944-large_default/pienso-para-perros-royal-canin-jack-russell-adulto.jpg
 Jack Russell Adulto - Pack 2 x 7.5 Kg, 101.30 € ,https://www.petsonic.com/7944-large_default/pienso-para-perros-royal-canin-jack-russell-adulto.jpg
" Teckel Adulto - 1,5 Kg.", 13.40 € ,https://www.petsonic.com/7984-large_default/pienso-para-perros-royal-canin-teckel-adulto.jpg
" Teckel Adulto - 7,5 Kg", 51.90 € ,https://www.petsonic.com/7984-large_default/pienso-para-perros-royal-canin-teckel-adulto.jpg
 Teckel Adulto - Pack 2 x 7.5 Kg, 100.90 € ,https://www.petsonic.com/7984-large_default/pienso-para-perros-royal-canin-teckel-adulto.jpg
" Schnauzer Miniature Cachorro - 1,5 Kg.", 13.90 € ,https://www.petsonic.com/7980-large_default/pienso-para-perros-royal-canin-schnauzer-miniature-cachorro.jpg
 Schnauzer Miniature Cachorro - Pack 2 x 1.5 Kg, 29.55 € ,https://www.petsonic.com/7980-large_default/pienso-para-perros-royal-canin-schnauzer-miniature-cachorro.jpg
 Schnauzer Miniatura Adulto - 3 Kg., 26.50 € ,https://www.petsonic.com/7979-large_default/pienso-para-perros-royal-canin-schnauzer-miniatura-adulto.jpg
" Schnauzer Miniatura Adulto - 7,5 Kg", 53.95 € ,https://www.petsonic.com/7979-large_default/pienso-para-perros-royal-canin-schnauzer-miniatura-adulto.jpg
 Schnauzer Miniatura Adulto - Pack 2 x 7.5 Kg, 104.90 € ,https://www.petsonic.com/7979-large_default/pienso-para-perros-royal-canin-schnauzer-miniatura-adulto.jpg
 Bulldog Frances Cachorro - 3 Kg., 18.50 € ,https://www.petsonic.com/7921-large_default/pienso-para-perros-royal-canin-bulldog-frances-cachorro.jpg
 Bulldog Frances Cachorro - 10 Kg, 42.99 € ,https://www.petsonic.com/7921-large_default/pienso-para-perros-royal-canin-bulldog-frances-cachorro.jpg
 Bulldog Frances Cachorro - Pack 2 x 10 Kg, 83.80 € ,https://www.petsonic.com/7921-large_default/pienso-para-perros-royal-canin-bulldog-frances-cachorro.jpg
" Bulldog Frances Adulto - 1,5 Kg.", 9.95 € ,https://www.petsonic.com/7920-large_default/pienso-para-perros-royal-canin-bulldog-frances-adulto.jpg
 Bulldog Frances Adulto - 3 Kg., 17.10 € ,https://www.petsonic.com/7920-large_default/pienso-para-perros-royal-canin-bulldog-frances-adulto.jpg
 Bulldog Frances Adulto - 9 Kg, 35.99 € ,https://www.petsonic.com/7920-large_default/pienso-para-perros-royal-canin-bulldog-frances-adulto.jpg
 Bulldog Frances Adulto - Pack 2 x 9 Kg, 69.99 € ,https://www.petsonic.com/7920-large_default/pienso-para-perros-royal-canin-bulldog-frances-adulto.jpg
 Cocker Cachorro - 3 Kg., 17.99 € ,https://www.petsonic.com/7930-large_default/pienso-para-perros-royal-canin-cocker-cachorro.jpg
 Cocker Cachorro - Pack 2 x 3 Kg, 33.99 € ,https://www.petsonic.com/7930-large_default/pienso-para-perros-royal-canin-cocker-cachorro.jpg
 Cocker Adulto - 3 Kg., 17.30 € ,https://www.petsonic.com/7929-large_default/pienso-para-perros-royal-canin-cocker-adulto.jpg
 Cocker Adulto - 12 Kg, 46.90 € ,https://www.petsonic.com/7929-large_default/pienso-para-perros-royal-canin-cocker-adulto.jpg
 Cocker Adulto - Pack 2 x 12 Kg, 91.45 € ,https://www.petsonic.com/7929-large_default/pienso-para-perros-royal-canin-cocker-adulto.jpg
 Beagle Adulto - 3 Kg., 17.99 € ,https://www.petsonic.com/9748-large_default/pienso-para-perros-royal-canin-beagle-adulto.jpg
 Beagle Adulto - 12 Kg, 46.90 € ,https://www.petsonic.com/9748-large_default/pienso-para-perros-royal-canin-beagle-adulto.jpg
 Beagle Adulto - Pack 2 x 12 Kg, 91.45 € ,https://www.petsonic.com/9748-large_default/pienso-para-perros-royal-canin-beagle-adulto.jpg
 Bulldog Ingles Cachorro - 3 Kg., 18.90 € ,https://www.petsonic.com/7923-large_default/pienso-para-perros-royal-canin-bulldog-ingles-cachorro.jpg
 Bulldog Ingles Cachorro - 12 Kg, 52.50 € ,https://www.petsonic.com/7923-large_default/pienso-para-perros-royal-canin-bulldog-ingles-cachorro.jpg
 Bulldog Ingles Cachorro - Pack 2 x 12 Kg, 103.25 € ,https://www.petsonic.com/7923-large_default/pienso-para-perros-royal-canin-bulldog-ingles-cachorro.jpg
 Setter Adulto - 12 Kg, 46.90 € ,https://www.petsonic.com/7981-large_default/pienso-para-perros-royal-canin-setter-adulto.jpg
 Setter Adulto - Pack 2 x 12 Kg, 91.45 € ,https://www.petsonic.com/7981-large_default/pienso-para-perros-royal-canin-setter-adulto.jpg
 Dalmata Cachorro - 12 Kg, 57.95 € ,https://www.petsonic.com/7932-large_default/pienso-para-perros-royal-canin-dalmata-cachorro.jpg
 Dalmata Cachorro - Pack 2 x 12 Kg, 114.90 € ,https://www.petsonic.com/7932-large_default/pienso-para-perros-royal-canin-dalmata-cachorro.jpg
 Dalmata Adulto - 12 Kg, 46.90 € ,https://www.petsonic.com/7931-large_default/pienso-para-perros-royal-canin-dalmata-adulto.jpg
 Dalmata Adulto - Pack 2 x 12 Kg, 91.45 € ,https://www.petsonic.com/7931-large_default/pienso-para-perros-royal-canin-dalmata-adulto.jpg
 Boxer Junior - 3 Kg., 18.99 € ,https://www.petsonic.com/7919-large_default/pienso-para-perros-royal-canin-boxer-junior.jpg
 Boxer Junior - 12 Kg, 61.50 € ,https://www.petsonic.com/7919-large_default/pienso-para-perros-royal-canin-boxer-junior.jpg
 Boxer Junior - Pack 2 x 12 Kg, 121.95 € ,https://www.petsonic.com/7919-large_default/pienso-para-perros-royal-canin-boxer-junior.jpg
 Pastor Aleman Cachorro - 3 Kg., 18.99 € ,https://www.petsonic.com/7976-large_default/pienso-para-perros-royal-canin-pastor-aleman-cachorro.jpg
 Pastor Aleman Cachorro - 12 Kg, 47.99 € ,https://www.petsonic.com/7976-large_default/pienso-para-perros-royal-canin-pastor-aleman-cachorro.jpg
 Pastor Aleman Cachorro - Pack 2 x 12 Kg, 92.99 € ,https://www.petsonic.com/7976-large_default/pienso-para-perros-royal-canin-pastor-aleman-cachorro.jpg
 Pastor Alemán Adulto - 3 Kg., 15.99 € ,https://www.petsonic.com/7975-large_default/pienso-para-perros-royal-canin-pastor-aleman-adulto.jpg
 Pastor Alemán Adulto - 12 Kg, 45.99 € ,https://www.petsonic.com/7975-large_default/pienso-para-perros-royal-canin-pastor-aleman-adulto.jpg
 Pastor Alemán Adulto - Pack 2 x 12 Kg, 89.99 € ,https://www.petsonic.com/7975-large_default/pienso-para-perros-royal-canin-pastor-aleman-adulto.jpg
 Labrador Retriever Cachorro - 3 Kg., 17.99 € ,https://www.petsonic.com/7948-large_default/pienso-para-perros-royal-canin-labrador-retriever-cachorro.jpg
 Labrador Retriever Cachorro - 12 Kg, 46.40 € ,https://www.petsonic.com/7948-large_default/pienso-para-perros-royal-canin-labrador-retriever-cachorro.jpg
 Labrador Retriever Cachorro - Pack 2 x 12 Kg, 92.80 € ,https://www.petsonic.com/7948-large_default/pienso-para-perros-royal-canin-labrador-retriever-cachorro.jpg
 Golden Retriever Cachorro - 3 Kg., 18.95 € ,https://www.petsonic.com/7942-large_default/pienso-para-perros-royal-canin-golden-retriever-cachorro.jpg
 Golden Retriever Cachorro - 12 Kg, 47.99 € ,https://www.petsonic.com/7942-large_default/pienso-para-perros-royal-canin-golden-retriever-cachorro.jpg
 Golden Retriever Cachorro - Pack 2 x 12 Kg, 92.99 € ,https://www.petsonic.com/7942-large_default/pienso-para-perros-royal-canin-golden-retriever-cachorro.jpg
 Rottweiler Cachorro - 12 Kg, 49.99 € ,https://www.petsonic.com/7978-large_default/pienso-para-perros-royal-canin-rottweiler-cachorro.jpg
 Rottweiler Cachorro - Pack 2 x 12 Kg, 96.90 € ,https://www.petsonic.com/7978-large_default/pienso-para-perros-royal-canin-rottweiler-cachorro.jpg
 Gran Danés Adulto - 12 Kg, 45.99 € ,https://www.petsonic.com/7943-large_default/pienso-para-perros-royal-canin-gran-danes-adulto.jpg
 Gran Danés Adulto - Pack 2 x 12 Kg, 89.70 € ,https://www.petsonic.com/7943-large_default/pienso-para-perros-royal-canin-gran-danes-adulto.jpg
 Starter Mousse Gestación/Lactancia - 12 Unidades., 19.99 € ,https://www.petsonic.com/9233-large_default/comida-lata-para-perros-royal-canin-starter-mousse-gestacion-lactancia.jpg
 Mini Junior lata 195gr - 12 Unidades., 12.99 € ,https://www.petsonic.com/9234-large_default/comida-lata-para-perros-royal-canin-mini-junior-lata-195gr.jpg
 Mini Adult Beauty Lata 195 gr - 12 Unidades., 17.90 € ,https://www.petsonic.com/11200-large_default/comida-lata-para-perros-royal-canin-mini-adult-beauty-lata-195-gr.jpg
 Mini Adulto Light lata 195gr. - 12 Unidades., 17.90 € ,https://www.petsonic.com/9235-large_default/comida-lata-para-perros-royal-canin-mini-adulto-light-lata-195gr.jpg
 Mini Adulto Mature +8 lata 195gr. - 12 Unidades., 13.99 € ,https://www.petsonic.com/9236-large_default/comida-lata-para-perros-royal-canin-mini-adulto-mature-8-lata-195gr.jpg
 Chihuahua Pouch 85 gr - Pack 6 Unidades, 7.15 € ,https://www.petsonic.com/7307-large_default/comida-lata-para-perros-royal-canin-chihuahua-pouch-85-gr.jpg
 Yorkshire Pouch 85 gr - Pack 6 Unidades, 5.95 € ,https://www.petsonic.com/7308-large_default/comida-lata-para-perros-royal-canin-yorkshire-pouch-85-gr.jpg
