 Puppy Multiproteico - 3 Kg., 23.35 € ,https://www.petsonic.com/11970-large_default/pienso-para-perros-alpha-spirit-puppy-multiproteico.jpg
 Puppy Multiproteico - 12 Kg, 54.50 € ,https://www.petsonic.com/11970-large_default/pienso-para-perros-alpha-spirit-puppy-multiproteico.jpg
 Puppy Multiproteico - Pack 2 x 12 Kg, 106.25 € ,https://www.petsonic.com/11970-large_default/pienso-para-perros-alpha-spirit-puppy-multiproteico.jpg
 Adulto Multiproteico - 3 Kg., 19.50 € ,https://www.petsonic.com/11971-large_default/pienso-para-perros-alpha-spirit-adulto-multiproteico.jpg
 Adulto Multiproteico - 12 Kg, 53.90 € ,https://www.petsonic.com/11971-large_default/pienso-para-perros-alpha-spirit-adulto-multiproteico.jpg
 Adulto Multiproteico - Pack 2 x 12 Kg, 104.95 € ,https://www.petsonic.com/11971-large_default/pienso-para-perros-alpha-spirit-adulto-multiproteico.jpg
 Adulto Pescado - 3 Kg., 25.95 € ,https://www.petsonic.com/11972-large_default/pienso-para-perros-alpha-spirit-adulto-pescado.jpg
 Adulto Pescado - 12 Kg, 58.50 € ,https://www.petsonic.com/11972-large_default/pienso-para-perros-alpha-spirit-adulto-pescado.jpg
 Adulto Pescado - Pack 2 x 12 Kg, 113.95 € ,https://www.petsonic.com/11972-large_default/pienso-para-perros-alpha-spirit-adulto-pescado.jpg
 Adulto Pato - 3 Kg., 23.30 € ,https://www.petsonic.com/11973-large_default/pienso-para-perros-alpha-spirit-adulto-pato.jpg
 Adulto Pato - 12 Kg, 58.50 € ,https://www.petsonic.com/11973-large_default/pienso-para-perros-alpha-spirit-adulto-pato.jpg
 Adulto Pato - Pack 2 x 12 Kg, 113.95 € ,https://www.petsonic.com/11973-large_default/pienso-para-perros-alpha-spirit-adulto-pato.jpg
 Adulto Formula 7 - 12 Kg, 44.95 € ,https://www.petsonic.com/11974-large_default/pienso-para-perros-alpha-spirit-adulto-formula-7.jpg
 Adulto Formula 7 - Pack 2 x 12 Kg, 87.65 € ,https://www.petsonic.com/11974-large_default/pienso-para-perros-alpha-spirit-adulto-formula-7.jpg
 Adulto Monoproteico Semihúmedo en Monodosis - 7 monodosis de 210 gr, 13.75 € ,https://www.petsonic.com/11975-large_default/pienso-para-perros-alpha-spirit-adulto-monoproteico-semihumedo-monodosis.jpg
 Adulto Monoproteico Semihúmedo en Monodosis - 27 monodosis de 210 gr, 37.95 € ,https://www.petsonic.com/11975-large_default/pienso-para-perros-alpha-spirit-adulto-monoproteico-semihumedo-monodosis.jpg
 Adulto Monoproteico Semihúmedo en Monodosis - 45 monodosis de 210 gr, 49.17 € ,https://www.petsonic.com/11975-large_default/pienso-para-perros-alpha-spirit-adulto-monoproteico-semihumedo-monodosis.jpg
 Adulto Monoproteico Semihúmedo en Monodosis - 2 x 45 monodosis 210 gr, 96.03 € ,https://www.petsonic.com/11975-large_default/pienso-para-perros-alpha-spirit-adulto-monoproteico-semihumedo-monodosis.jpg
 Adulto Monoproteico Pescado Semihúmedo en Monodosis - 7 monodosis de 210 gr, 13.30 € ,https://www.petsonic.com/11977-large_default/pienso-para-perros-alpha-spirit-adulto-monoproteico-pescado-semihumedo-monodosis.jpg
 Adulto Monoproteico Pescado Semihúmedo en Monodosis - 27 monodosis de 210 gr, 37.80 € ,https://www.petsonic.com/11977-large_default/pienso-para-perros-alpha-spirit-adulto-monoproteico-pescado-semihumedo-monodosis.jpg
 Adulto Monoproteico Pescado Semihúmedo en Monodosis - 45 monodosis de 210 gr, 44.40 € ,https://www.petsonic.com/11977-large_default/pienso-para-perros-alpha-spirit-adulto-monoproteico-pescado-semihumedo-monodosis.jpg
 Adulto Monoproteico Pescado Semihúmedo en Monodosis - 2 x 45 monodosis 210 gr, 86.50 € ,https://www.petsonic.com/11977-large_default/pienso-para-perros-alpha-spirit-adulto-monoproteico-pescado-semihumedo-monodosis.jpg
